{
  "backend": "pytorch_fp32",
  "encoder": "vits",
  "input_size": 518,
  "device": "cuda:0",
  "warmup": 20,
  "runs": 100,
  "metrics": {
    "mean_ms": 51.67955845594406,
    "std_ms": 0.4825695702933256,
    "p50_ms": 51.71362031251192,
    "p90_ms": 52.248430997133255,
    "p95_ms": 52.57356399670243,
    "min_ms": 50.575969740748405,
    "max_ms": 52.749477326869965,
    "fps": 19.35001052403501
  }
}